"1","
"
"1","$proportion
"
"1","         "
"1","           V1"
"1","           V2"
"1","          V3"
"1","           V4"
"1","           V5"
"1","
Barcode1 "
"1"," 1.905851e-02"
"1"," 0.0118137196"
"1"," 0.005382559"
"1"," 0.0060485146"
"1"," 0.0272544930"
"1","
Barcode2 "
"1"," 2.029545e-02"
"1"," 0.0103360075"
"1"," 0.008280952"
"1"," 0.0226544061"
"1"," 0.0016685067"
"1","
Barcode3 "
"1"," 5.561356e-05"
"1"," 0.0372396452"
"1"," 0.023869760"
"1"," 0.0143630707"
"1"," 0.0426421497"
"1","
Barcode4 "
"1"," 4.036676e-02"
"1"," 0.0248187396"
"1"," 0.013643327"
"1"," 0.0208108143"
"1"," 0.0010934224"
"1","
Barcode5 "
"1"," 5.675802e-03"
"1"," 0.0179709227"
"1"," 0.056326819"
"1"," 0.0054615423"
"1"," 0.0056060738"
"1","
Barcode6 "
"1"," 4.761840e-02"
"1"," 0.0230783789"
"1"," 0.028498410"
"1"," 0.0129684395"
"1"," 0.0267167715"
"1","
Barcode7 "
"1"," 2.332067e-02"
"1"," 0.0077206468"
"1"," 0.018299267"
"1"," 0.0439906390"
"1"," 0.0084064796"
"1","
Barcode8 "
"1"," 6.083599e-02"
"1"," 0.0351502182"
"1"," 0.014539145"
"1"," 0.0077941898"
"1"," 0.0392070928"
"1","
Barcode9 "
"1"," 2.865497e-02"
"1"," 0.0086570331"
"1"," 0.029399897"
"1"," 0.0364594875"
"1"," 0.0348096545"
"1","
Barcode10"
"1"," 2.471087e-03"
"1"," 0.0045909060"
"1"," 0.011175659"
"1"," 0.0094544293"
"1"," 0.0320791322"
"1","
Barcode11"
"1"," 2.704196e-02"
"1"," 0.0115303658"
"1"," 0.034200834"
"1"," 0.0055739777"
"1"," 0.0144790662"
"1","
Barcode12"
"1"," 1.961344e-02"
"1"," 0.0462290623"
"1"," 0.023795344"
"1"," 0.0232162104"
"1"," 0.0143150208"
"1","
Barcode13"
"1"," 8.440127e-03"
"1"," 0.0325392792"
"1"," 0.006408621"
"1"," 0.0369437212"
"1"," 0.0031665012"
"1","
Barcode14"
"1"," 2.817812e-02"
"1"," 0.0093370889"
"1"," 0.006655889"
"1"," 0.0145024629"
"1"," 0.0387745210"
"1","
Barcode15"
"1"," 4.926627e-02"
"1"," 0.0070889511"
"1"," 0.006829947"
"1"," 0.0102557323"
"1"," 0.0153935652"
"1","
Barcode16"
"1"," 6.685523e-03"
"1"," 0.0061311619"
"1"," 0.012590489"
"1"," 0.0128612232"
"1"," 0.0638730546"
"1","
Barcode17"
"1"," 5.736390e-03"
"1"," 0.0065996984"
"1"," 0.021558422"
"1"," 0.0397156382"
"1"," 0.0419161937"
"1","
Barcode18"
"1"," 4.988511e-03"
"1"," 0.0012591104"
"1"," 0.015711117"
"1"," 0.0062783555"
"1"," 0.0164774405"
"1","
Barcode19"
"1"," 7.823925e-03"
"1"," 0.0220074615"
"1"," 0.019880337"
"1"," 0.0270092570"
"1"," 0.0033229645"
"1","
Barcode20"
"1"," 1.187182e-02"
"1"," 0.0047859443"
"1"," 0.018569728"
"1"," 0.0137388755"
"1"," 0.0396028454"
"1","
Barcode21"
"1"," 1.220050e-03"
"1"," 0.0347859602"
"1"," 0.014094967"
"1"," 0.0136239362"
"1"," 0.0093604762"
"1","
Barcode22"
"1"," 3.537818e-02"
"1"," 0.0531140313"
"1"," 0.014723260"
"1"," 0.0401954572"
"1"," 0.0146796729"
"1","
Barcode23"
"1"," 2.451910e-02"
"1"," 0.0111205864"
"1"," 0.036739166"
"1"," 0.0171384245"
"1"," 0.0265684310"
"1","
Barcode24"
"1"," 9.361134e-03"
"1"," 0.0245809978"
"1"," 0.032169367"
"1"," 0.0064469782"
"1"," 0.0102637468"
"1","
Barcode25"
"1"," 3.493932e-02"
"1"," 0.0368559210"
"1"," 0.012961406"
"1"," 0.0544781559"
"1"," 0.0002210896"
"1","
Barcode26"
"1"," 2.474433e-02"
"1"," 0.0129429843"
"1"," 0.012634504"
"1"," 0.0003753262"
"1"," 0.0247374969"
"1","
Barcode27"
"1"," 2.055251e-03"
"1"," 0.0242563609"
"1"," 0.032056595"
"1"," 0.0075768215"
"1"," 0.0039294316"
"1","
Barcode28"
"1"," 2.594564e-03"
"1"," 0.0325882538"
"1"," 0.049477029"
"1"," 0.0392433021"
"1"," 0.0108583601"
"1","
Barcode29"
"1"," 4.902488e-03"
"1"," 0.0038740492"
"1"," 0.010790286"
"1"," 0.0246730207"
"1"," 0.0186008510"
"1","
Barcode30"
"1"," 4.057404e-03"
"1"," 0.0135674200"
"1"," 0.014252394"
"1"," 0.0003655257"
"1"," 0.0001474848"
"1","
Barcode31"
"1"," 1.275539e-02"
"1"," 0.0067939112"
"1"," 0.016998512"
"1"," 0.0453092275"
"1"," 0.0030837658"
"1","
Barcode32"
"1"," 2.658053e-03"
"1"," 0.0152657567"
"1"," 0.002760306"
"1"," 0.0010052974"
"1"," 0.0142011147"
"1","
Barcode33"
"1"," 2.650942e-02"
"1"," 0.0133687280"
"1"," 0.006055616"
"1"," 0.0019472991"
"1"," 0.0071223108"
"1","
Barcode34"
"1"," 1.539436e-02"
"1"," 0.0076660311"
"1"," 0.051105472"
"1"," 0.0121931393"
"1"," 0.0319448521"
"1","
Barcode35"
"1"," 3.250678e-02"
"1"," 0.0156126746"
"1"," 0.024633003"
"1"," 0.0130967915"
"1"," 0.0145604303"
"1","
Barcode36"
"1"," 3.353344e-02"
"1"," 0.0021956514"
"1"," 0.034079970"
"1"," 0.0315980266"
"1"," 0.0066753032"
"1","
Barcode37"
"1"," 1.460313e-02"
"1"," 0.0442502401"
"1"," 0.015892781"
"1"," 0.0323251684"
"1"," 0.0039472082"
"1","
Barcode38"
"1"," 3.601793e-02"
"1"," 0.0568345279"
"1"," 0.006250396"
"1"," 0.0028342092"
"1"," 0.0307823098"
"1","
Barcode39"
"1"," 5.034244e-03"
"1"," 0.0004250464"
"1"," 0.027688768"
"1"," 0.0046950298"
"1"," 0.0225477932"
"1","
Barcode40"
"1"," 4.355456e-03"
"1"," 0.0538471956"
"1"," 0.007081322"
"1"," 0.0019012559"
"1"," 0.0020166164"
"1","
Barcode41"
"1"," 4.086722e-02"
"1"," 0.0138593654"
"1"," 0.000583325"
"1"," 0.0310087768"
"1"," 0.0471206584"
"1","
Barcode42"
"1"," 1.399238e-02"
"1"," 0.0285478775"
"1"," 0.019962662"
"1"," 0.0431567393"
"1"," 0.0206121352"
"1","
Barcode43"
"1"," 2.380158e-02"
"1"," 0.0099051590"
"1"," 0.012611962"
"1"," 0.0443362559"
"1"," 0.0335310672"
"1","
Barcode44"
"1"," 1.374972e-02"
"1"," 0.0408908622"
"1"," 0.051950362"
"1"," 0.0322953823"
"1"," 0.0067918897"
"1","
Barcode45"
"1"," 3.228922e-02"
"1"," 0.0124873682"
"1"," 0.020139667"
"1"," 0.0109727539"
"1"," 0.0396976787"
"1","
Barcode46"
"1"," 3.412595e-02"
"1"," 0.0016236981"
"1"," 0.010485431"
"1"," 0.0082149656"
"1"," 0.0370393317"
"1","
Barcode47"
"1"," 3.378638e-02"
"1"," 0.0384735771"
"1"," 0.039459605"
"1"," 0.0051233677"
"1"," 0.0395628377"
"1","
Barcode48"
"1"," 1.508140e-02"
"1"," 0.0035209985"
"1"," 0.011772771"
"1"," 0.0290198956"
"1"," 0.0104106316"
"1","
Barcode49"
"1"," 3.499248e-02"
"1"," 0.0121732396"
"1"," 0.028582413"
"1"," 0.0545094886"
"1"," 0.0176056545"
"1","
Barcode50"
"1"," 1.217432e-02"
"1"," 0.0456871853"
"1"," 0.006390154"
"1"," 0.0202389942"
"1"," 0.0205744208"
"1","
"
"1","         "
"1","          V6"
"1","           V7"
"1","           V8"
"1","           V9"
"1","          V10"
"1","
Barcode1 "
"1"," 0.014381784"
"1"," 0.0420973069"
"1"," 0.0066408454"
"1"," 0.0013940648"
"1"," 0.0322903532"
"1","
Barcode2 "
"1"," 0.017693483"
"1"," 0.0293312076"
"1"," 0.0020746743"
"1"," 0.0087248295"
"1"," 0.0210258375"
"1","
Barcode3 "
"1"," 0.030796911"
"1"," 0.0111323777"
"1"," 0.0425762643"
"1"," 0.0204779852"
"1"," 0.0554924909"
"1","
Barcode4 "
"1"," 0.018696516"
"1"," 0.0005831295"
"1"," 0.0112134308"
"1"," 0.0405977217"
"1"," 0.0299825275"
"1","
Barcode5 "
"1"," 0.027965881"
"1"," 0.0219632390"
"1"," 0.0103447433"
"1"," 0.0333370114"
"1"," 0.0263663842"
"1","
Barcode6 "
"1"," 0.033474523"
"1"," 0.0334842283"
"1"," 0.0168580796"
"1"," 0.0244712291"
"1"," 0.0168332984"
"1","
Barcode7 "
"1"," 0.031732267"
"1"," 0.0010701251"
"1"," 0.0213126753"
"1"," 0.0326250527"
"1"," 0.0361568516"
"1","
Barcode8 "
"1"," 0.002759945"
"1"," 0.0037442099"
"1"," 0.0251738460"
"1"," 0.0085698228"
"1"," 0.0197921124"
"1","
Barcode9 "
"1"," 0.002371743"
"1"," 0.0026529509"
"1"," 0.0249322985"
"1"," 0.0660054143"
"1"," 0.0071584014"
"1","
Barcode10"
"1"," 0.022664346"
"1"," 0.0428987465"
"1"," 0.0027869367"
"1"," 0.0057262746"
"1"," 0.0051769038"
"1","
Barcode11"
"1"," 0.032612971"
"1"," 0.0216852643"
"1"," 0.0081178710"
"1"," 0.0118137470"
"1"," 0.0090940256"
"1","
Barcode12"
"1"," 0.039773725"
"1"," 0.0556162988"
"1"," 0.0529777369"
"1"," 0.0238732288"
"1"," 0.0032283363"
"1","
Barcode13"
"1"," 0.012052265"
"1"," 0.0158573966"
"1"," 0.0297182950"
"1"," 0.0202213568"
"1"," 0.0140169280"
"1","
Barcode14"
"1"," 0.004185473"
"1"," 0.0238970286"
"1"," 0.0368991967"
"1"," 0.0359854136"
"1"," 0.0040082551"
"1","
Barcode15"
"1"," 0.022537481"
"1"," 0.0040704195"
"1"," 0.0139194219"
"1"," 0.0007878389"
"1"," 0.0195898537"
"1","
Barcode16"
"1"," 0.030740659"
"1"," 0.0047333637"
"1"," 0.0617300846"
"1"," 0.0221488672"
"1"," 0.0259275001"
"1","
Barcode17"
"1"," 0.019376302"
"1"," 0.0153082230"
"1"," 0.0085251529"
"1"," 0.0348384525"
"1"," 0.0289567765"
"1","
Barcode18"
"1"," 0.020881586"
"1"," 0.0026239930"
"1"," 0.0633757881"
"1"," 0.0195415781"
"1"," 0.0093239448"
"1","
Barcode19"
"1"," 0.017917678"
"1"," 0.0562285042"
"1"," 0.0159394663"
"1"," 0.0104080363"
"1"," 0.0113580963"
"1","
Barcode20"
"1"," 0.009979227"
"1"," 0.0112656649"
"1"," 0.0306362143"
"1"," 0.0214192160"
"1"," 0.0057170875"
"1","
Barcode21"
"1"," 0.007258157"
"1"," 0.0108436651"
"1"," 0.0239413912"
"1"," 0.0303732761"
"1"," 0.0047990650"
"1","
Barcode22"
"1"," 0.007092314"
"1"," 0.0268585622"
"1"," 0.0076483110"
"1"," 0.0160027876"
"1"," 0.0460016843"
"1","
Barcode23"
"1"," 0.008595011"
"1"," 0.0158433931"
"1"," 0.0193023745"
"1"," 0.0338545470"
"1"," 0.0210184985"
"1","
Barcode24"
"1"," 0.011983667"
"1"," 0.0311557475"
"1"," 0.0103297641"
"1"," 0.0262498370"
"1"," 0.0164212311"
"1","
Barcode25"
"1"," 0.027267475"
"1"," 0.0021045334"
"1"," 0.0018088348"
"1"," 0.0071238382"
"1"," 0.0040494576"
"1","
Barcode26"
"1"," 0.027021486"
"1"," 0.0087154103"
"1"," 0.0086621914"
"1"," 0.0023846850"
"1"," 0.0485513524"
"1","
Barcode27"
"1"," 0.001264081"
"1"," 0.0130820768"
"1"," 0.0222767827"
"1"," 0.0463324122"
"1"," 0.0162217852"
"1","
Barcode28"
"1"," 0.004018221"
"1"," 0.0319301472"
"1"," 0.0046328154"
"1"," 0.0066912230"
"1"," 0.0134149512"
"1","
Barcode29"
"1"," 0.015037534"
"1"," 0.0234458601"
"1"," 0.0015072282"
"1"," 0.0089208243"
"1"," 0.0319910612"
"1","
Barcode30"
"1"," 0.010658921"
"1"," 0.0011836244"
"1"," 0.0181750766"
"1"," 0.0280958833"
"1"," 0.0120141610"
"1","
Barcode31"
"1"," 0.024216538"
"1"," 0.0041520659"
"1"," 0.0201334026"
"1"," 0.0078387093"
"1"," 0.0073861245"
"1","
Barcode32"
"1"," 0.020851558"
"1"," 0.0172442006"
"1"," 0.0092852465"
"1"," 0.0373986806"
"1"," 0.0305696819"
"1","
Barcode33"
"1"," 0.043537257"
"1"," 0.0187778298"
"1"," 0.0328465271"
"1"," 0.0103149219"
"1"," 0.0226248454"
"1","
Barcode34"
"1"," 0.033176798"
"1"," 0.0178166038"
"1"," 0.0245896608"
"1"," 0.0031415795"
"1"," 0.0049937807"
"1","
Barcode35"
"1"," 0.009510779"
"1"," 0.0247839602"
"1"," 0.0341153230"
"1"," 0.0145928516"
"1"," 0.0564718651"
"1","
Barcode36"
"1"," 0.018001920"
"1"," 0.0055911521"
"1"," 0.0115915104"
"1"," 0.0078427811"
"1"," 0.0062193206"
"1","
Barcode37"
"1"," 0.013726701"
"1"," 0.0099779600"
"1"," 0.0065717124"
"1"," 0.0113130252"
"1"," 0.0163317450"
"1","
Barcode38"
"1"," 0.011037179"
"1"," 0.0433606202"
"1"," 0.0400931038"
"1"," 0.0178858650"
"1"," 0.0512382315"
"1","
Barcode39"
"1"," 0.016327473"
"1"," 0.0451217569"
"1"," 0.0159622277"
"1"," 0.0312938083"
"1"," 0.0147775859"
"1","
Barcode40"
"1"," 0.018364007"
"1"," 0.0331475178"
"1"," 0.0299161438"
"1"," 0.0189737684"
"1"," 0.0258490863"
"1","
Barcode41"
"1"," 0.024558783"
"1"," 0.0187068215"
"1"," 0.0095358570"
"1"," 0.0334945729"
"1"," 0.0193501254"
"1","
Barcode42"
"1"," 0.034045398"
"1"," 0.0005985093"
"1"," 0.0129320410"
"1"," 0.0161492884"
"1"," 0.0030394584"
"1","
Barcode43"
"1"," 0.010503799"
"1"," 0.0054542392"
"1"," 0.0208342476"
"1"," 0.0104709146"
"1"," 0.0063793269"
"1","
Barcode44"
"1"," 0.020320670"
"1"," 0.0733680191"
"1"," 0.0261908084"
"1"," 0.0234581387"
"1"," 0.0124472403"
"1","
Barcode45"
"1"," 0.023586466"
"1"," 0.0400493147"
"1"," 0.0375857887"
"1"," 0.0006831023"
"1"," 0.0005491676"
"1","
Barcode46"
"1"," 0.027166316"
"1"," 0.0250518403"
"1"," 0.0034790396"
"1"," 0.0413362846"
"1"," 0.0125401626"
"1","
Barcode47"
"1"," 0.036808511"
"1"," 0.0047135290"
"1"," 0.0106062566"
"1"," 0.0071345627"
"1"," 0.0234045820"
"1","
Barcode48"
"1"," 0.021814329"
"1"," 0.0161516158"
"1"," 0.0282923806"
"1"," 0.0138627807"
"1"," 0.0374949822"
"1","
Barcode49"
"1"," 0.030423100"
"1"," 0.0259783588"
"1"," 0.0208189635"
"1"," 0.0064182996"
"1"," 0.0210671835"
"1","
Barcode50"
"1"," 0.029230790"
"1"," 0.0045473871"
"1"," 0.0005819671"
"1"," 0.0373996098"
"1"," 0.0312862917"
"1","
"
"1","         "
"1","          V11"
"1","          V12"
"1","
Barcode1 "
"1"," 0.0186981093"
"1"," 0.0226204727"
"1","
Barcode2 "
"1"," 0.0130165519"
"1"," 0.0141280440"
"1","
Barcode3 "
"1"," 0.0077613153"
"1"," 0.0118473271"
"1","
Barcode4 "
"1"," 0.0220745039"
"1"," 0.0398431204"
"1","
Barcode5 "
"1"," 0.0054395762"
"1"," 0.0006095972"
"1","
Barcode6 "
"1"," 0.0225662477"
"1"," 0.0080095361"
"1","
Barcode7 "
"1"," 0.0151102584"
"1"," 0.0172362058"
"1","
Barcode8 "
"1"," 0.0341606321"
"1"," 0.0402007322"
"1","
Barcode9 "
"1"," 0.0244853038"
"1"," 0.0369161678"
"1","
Barcode10"
"1"," 0.0391890160"
"1"," 0.0329453346"
"1","
Barcode11"
"1"," 0.0090593065"
"1"," 0.0073665914"
"1","
Barcode12"
"1"," 0.0180302840"
"1"," 0.0095069882"
"1","
Barcode13"
"1"," 0.0186377845"
"1"," 0.0205138053"
"1","
Barcode14"
"1"," 0.0443378962"
"1"," 0.0027731080"
"1","
Barcode15"
"1"," 0.0212742948"
"1"," 0.0178853507"
"1","
Barcode16"
"1"," 0.0160170489"
"1"," 0.0387308454"
"1","
Barcode17"
"1"," 0.0174165764"
"1"," 0.0294299312"
"1","
Barcode18"
"1"," 0.0373202076"
"1"," 0.0048104115"
"1","
Barcode19"
"1"," 0.0069096747"
"1"," 0.0106116419"
"1","
Barcode20"
"1"," 0.0192223271"
"1"," 0.0362286250"
"1","
Barcode21"
"1"," 0.0109820484"
"1"," 0.0501702755"
"1","
Barcode22"
"1"," 0.0336733226"
"1"," 0.0366189131"
"1","
Barcode23"
"1"," 0.0078925139"
"1"," 0.0114066265"
"1","
Barcode24"
"1"," 0.0049555230"
"1"," 0.0163046126"
"1","
Barcode25"
"1"," 0.0497742469"
"1"," 0.0128546562"
"1","
Barcode26"
"1"," 0.0212809542"
"1"," 0.0448154027"
"1","
Barcode27"
"1"," 0.0082986829"
"1"," 0.0376940716"
"1","
Barcode28"
"1"," 0.0320274595"
"1"," 0.0382760374"
"1","
Barcode29"
"1"," 0.0184264746"
"1"," 0.0040015038"
"1","
Barcode30"
"1"," 0.0122078361"
"1"," 0.0332891731"
"1","
Barcode31"
"1"," 0.0015644279"
"1"," 0.0200872623"
"1","
Barcode32"
"1"," 0.0049541122"
"1"," 0.0171869224"
"1","
Barcode33"
"1"," 0.0036170401"
"1"," 0.0122061729"
"1","
Barcode34"
"1"," 0.0132536979"
"1"," 0.0202607034"
"1","
Barcode35"
"1"," 0.0226999996"
"1"," 0.0051232413"
"1","
Barcode36"
"1"," 0.0099527039"
"1"," 0.0025508508"
"1","
Barcode37"
"1"," 0.0463500132"
"1"," 0.0296063092"
"1","
Barcode38"
"1"," 0.0252574798"
"1"," 0.0032278544"
"1","
Barcode39"
"1"," 0.0391067994"
"1"," 0.0008709389"
"1","
Barcode40"
"1"," 0.0250728135"
"1"," 0.0417728117"
"1","
Barcode41"
"1"," 0.0441370974"
"1"," 0.0028254475"
"1","
Barcode42"
"1"," 0.0179012165"
"1"," 0.0090287439"
"1","
Barcode43"
"1"," 0.0160514632"
"1"," 0.0196352157"
"1","
Barcode44"
"1"," 0.0003277617"
"1"," 0.0037015425"
"1","
Barcode45"
"1"," 0.0152551006"
"1"," 0.0201861569"
"1","
Barcode46"
"1"," 0.0328068891"
"1"," 0.0109036895"
"1","
Barcode47"
"1"," 0.0157613312"
"1"," 0.0294470914"
"1","
Barcode48"
"1"," 0.0051958230"
"1"," 0.0185248857"
"1","
Barcode49"
"1"," 0.0228679111"
"1"," 0.0305415692"
"1","
Barcode50"
"1"," 0.0276203415"
"1"," 0.0146674813"
"1","
"
"1","
"
"1","$CPM
"
"1","         "
"1","          V1"
"1","         V2"
"1","        V3"
"1","         V4"
"1","         V5"
"1","        V6"
"1","
Barcode1 "
"1"," 19058.51425"
"1"," 11813.7196"
"1","  5382.559"
"1","  6048.5146"
"1"," 27254.4930"
"1"," 14381.784"
"1","
Barcode2 "
"1"," 20295.44509"
"1"," 10336.0075"
"1","  8280.952"
"1"," 22654.4061"
"1","  1668.5067"
"1"," 17693.483"
"1","
Barcode3 "
"1","    55.61356"
"1"," 37239.6452"
"1"," 23869.760"
"1"," 14363.0707"
"1"," 42642.1497"
"1"," 30796.911"
"1","
Barcode4 "
"1"," 40366.76085"
"1"," 24818.7396"
"1"," 13643.327"
"1"," 20810.8143"
"1","  1093.4224"
"1"," 18696.516"
"1","
Barcode5 "
"1","  5675.80245"
"1"," 17970.9227"
"1"," 56326.819"
"1","  5461.5423"
"1","  5606.0738"
"1"," 27965.881"
"1","
Barcode6 "
"1"," 47618.40206"
"1"," 23078.3789"
"1"," 28498.410"
"1"," 12968.4395"
"1"," 26716.7715"
"1"," 33474.523"
"1","
Barcode7 "
"1"," 23320.67168"
"1","  7720.6468"
"1"," 18299.267"
"1"," 43990.6390"
"1","  8406.4796"
"1"," 31732.267"
"1","
Barcode8 "
"1"," 60835.99032"
"1"," 35150.2182"
"1"," 14539.145"
"1","  7794.1898"
"1"," 39207.0928"
"1","  2759.945"
"1","
Barcode9 "
"1"," 28654.97058"
"1","  8657.0331"
"1"," 29399.897"
"1"," 36459.4875"
"1"," 34809.6545"
"1","  2371.743"
"1","
Barcode10"
"1","  2471.08714"
"1","  4590.9060"
"1"," 11175.659"
"1","  9454.4293"
"1"," 32079.1322"
"1"," 22664.346"
"1","
Barcode11"
"1"," 27041.95729"
"1"," 11530.3658"
"1"," 34200.834"
"1","  5573.9777"
"1"," 14479.0662"
"1"," 32612.971"
"1","
Barcode12"
"1"," 19613.44151"
"1"," 46229.0623"
"1"," 23795.344"
"1"," 23216.2104"
"1"," 14315.0208"
"1"," 39773.725"
"1","
Barcode13"
"1","  8440.12738"
"1"," 32539.2792"
"1","  6408.621"
"1"," 36943.7212"
"1","  3166.5012"
"1"," 12052.265"
"1","
Barcode14"
"1"," 28178.11887"
"1","  9337.0889"
"1","  6655.889"
"1"," 14502.4629"
"1"," 38774.5210"
"1","  4185.473"
"1","
Barcode15"
"1"," 49266.26674"
"1","  7088.9511"
"1","  6829.947"
"1"," 10255.7323"
"1"," 15393.5652"
"1"," 22537.481"
"1","
Barcode16"
"1","  6685.52305"
"1","  6131.1619"
"1"," 12590.489"
"1"," 12861.2232"
"1"," 63873.0546"
"1"," 30740.659"
"1","
Barcode17"
"1","  5736.39003"
"1","  6599.6984"
"1"," 21558.422"
"1"," 39715.6382"
"1"," 41916.1937"
"1"," 19376.302"
"1","
Barcode18"
"1","  4988.51149"
"1","  1259.1104"
"1"," 15711.117"
"1","  6278.3555"
"1"," 16477.4405"
"1"," 20881.586"
"1","
Barcode19"
"1","  7823.92500"
"1"," 22007.4615"
"1"," 19880.337"
"1"," 27009.2570"
"1","  3322.9645"
"1"," 17917.678"
"1","
Barcode20"
"1"," 11871.81984"
"1","  4785.9443"
"1"," 18569.728"
"1"," 13738.8755"
"1"," 39602.8454"
"1","  9979.227"
"1","
Barcode21"
"1","  1220.05038"
"1"," 34785.9602"
"1"," 14094.967"
"1"," 13623.9362"
"1","  9360.4762"
"1","  7258.157"
"1","
Barcode22"
"1"," 35378.17797"
"1"," 53114.0313"
"1"," 14723.260"
"1"," 40195.4572"
"1"," 14679.6729"
"1","  7092.314"
"1","
Barcode23"
"1"," 24519.10093"
"1"," 11120.5864"
"1"," 36739.166"
"1"," 17138.4245"
"1"," 26568.4310"
"1","  8595.011"
"1","
Barcode24"
"1","  9361.13388"
"1"," 24580.9978"
"1"," 32169.367"
"1","  6446.9782"
"1"," 10263.7468"
"1"," 11983.667"
"1","
Barcode25"
"1"," 34939.31566"
"1"," 36855.9210"
"1"," 12961.406"
"1"," 54478.1559"
"1","   221.0896"
"1"," 27267.475"
"1","
Barcode26"
"1"," 24744.32998"
"1"," 12942.9843"
"1"," 12634.504"
"1","   375.3262"
"1"," 24737.4969"
"1"," 27021.486"
"1","
Barcode27"
"1","  2055.25119"
"1"," 24256.3609"
"1"," 32056.595"
"1","  7576.8215"
"1","  3929.4316"
"1","  1264.081"
"1","
Barcode28"
"1","  2594.56408"
"1"," 32588.2538"
"1"," 49477.029"
"1"," 39243.3021"
"1"," 10858.3601"
"1","  4018.221"
"1","
Barcode29"
"1","  4902.48783"
"1","  3874.0492"
"1"," 10790.286"
"1"," 24673.0207"
"1"," 18600.8510"
"1"," 15037.534"
"1","
Barcode30"
"1","  4057.40441"
"1"," 13567.4200"
"1"," 14252.394"
"1","   365.5257"
"1","   147.4848"
"1"," 10658.921"
"1","
Barcode31"
"1"," 12755.38730"
"1","  6793.9112"
"1"," 16998.512"
"1"," 45309.2275"
"1","  3083.7658"
"1"," 24216.538"
"1","
Barcode32"
"1","  2658.05327"
"1"," 15265.7567"
"1","  2760.306"
"1","  1005.2974"
"1"," 14201.1147"
"1"," 20851.558"
"1","
Barcode33"
"1"," 26509.41953"
"1"," 13368.7280"
"1","  6055.616"
"1","  1947.2991"
"1","  7122.3108"
"1"," 43537.257"
"1","
Barcode34"
"1"," 15394.35914"
"1","  7666.0311"
"1"," 51105.472"
"1"," 12193.1393"
"1"," 31944.8521"
"1"," 33176.798"
"1","
Barcode35"
"1"," 32506.78154"
"1"," 15612.6746"
"1"," 24633.003"
"1"," 13096.7915"
"1"," 14560.4303"
"1","  9510.779"
"1","
Barcode36"
"1"," 33533.43978"
"1","  2195.6514"
"1"," 34079.970"
"1"," 31598.0266"
"1","  6675.3032"
"1"," 18001.920"
"1","
Barcode37"
"1"," 14603.13163"
"1"," 44250.2401"
"1"," 15892.781"
"1"," 32325.1684"
"1","  3947.2082"
"1"," 13726.701"
"1","
Barcode38"
"1"," 36017.92684"
"1"," 56834.5279"
"1","  6250.396"
"1","  2834.2092"
"1"," 30782.3098"
"1"," 11037.179"
"1","
Barcode39"
"1","  5034.24450"
"1","   425.0464"
"1"," 27688.768"
"1","  4695.0298"
"1"," 22547.7932"
"1"," 16327.473"
"1","
Barcode40"
"1","  4355.45615"
"1"," 53847.1956"
"1","  7081.322"
"1","  1901.2559"
"1","  2016.6164"
"1"," 18364.007"
"1","
Barcode41"
"1"," 40867.22040"
"1"," 13859.3654"
"1","   583.325"
"1"," 31008.7768"
"1"," 47120.6584"
"1"," 24558.783"
"1","
Barcode42"
"1"," 13992.37848"
"1"," 28547.8775"
"1"," 19962.662"
"1"," 43156.7393"
"1"," 20612.1352"
"1"," 34045.398"
"1","
Barcode43"
"1"," 23801.58272"
"1","  9905.1590"
"1"," 12611.962"
"1"," 44336.2559"
"1"," 33531.0672"
"1"," 10503.799"
"1","
Barcode44"
"1"," 13749.71594"
"1"," 40890.8622"
"1"," 51950.362"
"1"," 32295.3823"
"1","  6791.8897"
"1"," 20320.670"
"1","
Barcode45"
"1"," 32289.21632"
"1"," 12487.3682"
"1"," 20139.667"
"1"," 10972.7539"
"1"," 39697.6787"
"1"," 23586.466"
"1","
Barcode46"
"1"," 34125.95209"
"1","  1623.6981"
"1"," 10485.431"
"1","  8214.9656"
"1"," 37039.3317"
"1"," 27166.316"
"1","
Barcode47"
"1"," 33786.38187"
"1"," 38473.5771"
"1"," 39459.605"
"1","  5123.3677"
"1"," 39562.8377"
"1"," 36808.511"
"1","
Barcode48"
"1"," 15081.39892"
"1","  3520.9985"
"1"," 11772.771"
"1"," 29019.8956"
"1"," 10410.6316"
"1"," 21814.329"
"1","
Barcode49"
"1"," 34992.48191"
"1"," 12173.2396"
"1"," 28582.413"
"1"," 54509.4886"
"1"," 17605.6545"
"1"," 30423.100"
"1","
Barcode50"
"1"," 12174.31618"
"1"," 45687.1853"
"1","  6390.154"
"1"," 20238.9942"
"1"," 20574.4208"
"1"," 29230.790"
"1","
"
"1","         "
"1","         V7"
"1","         V8"
"1","         V9"
"1","        V10"
"1","        V11"
"1","
Barcode1 "
"1"," 42097.3069"
"1","  6640.8454"
"1","  1394.0648"
"1"," 32290.3532"
"1"," 18698.1093"
"1","
Barcode2 "
"1"," 29331.2076"
"1","  2074.6743"
"1","  8724.8295"
"1"," 21025.8375"
"1"," 13016.5519"
"1","
Barcode3 "
"1"," 11132.3777"
"1"," 42576.2643"
"1"," 20477.9852"
"1"," 55492.4909"
"1","  7761.3153"
"1","
Barcode4 "
"1","   583.1295"
"1"," 11213.4308"
"1"," 40597.7217"
"1"," 29982.5275"
"1"," 22074.5039"
"1","
Barcode5 "
"1"," 21963.2390"
"1"," 10344.7433"
"1"," 33337.0114"
"1"," 26366.3842"
"1","  5439.5762"
"1","
Barcode6 "
"1"," 33484.2283"
"1"," 16858.0796"
"1"," 24471.2291"
"1"," 16833.2984"
"1"," 22566.2477"
"1","
Barcode7 "
"1","  1070.1251"
"1"," 21312.6753"
"1"," 32625.0527"
"1"," 36156.8516"
"1"," 15110.2584"
"1","
Barcode8 "
"1","  3744.2099"
"1"," 25173.8460"
"1","  8569.8228"
"1"," 19792.1124"
"1"," 34160.6321"
"1","
Barcode9 "
"1","  2652.9509"
"1"," 24932.2985"
"1"," 66005.4143"
"1","  7158.4014"
"1"," 24485.3038"
"1","
Barcode10"
"1"," 42898.7465"
"1","  2786.9367"
"1","  5726.2746"
"1","  5176.9038"
"1"," 39189.0160"
"1","
Barcode11"
"1"," 21685.2643"
"1","  8117.8710"
"1"," 11813.7470"
"1","  9094.0256"
"1","  9059.3065"
"1","
Barcode12"
"1"," 55616.2988"
"1"," 52977.7369"
"1"," 23873.2288"
"1","  3228.3363"
"1"," 18030.2840"
"1","
Barcode13"
"1"," 15857.3966"
"1"," 29718.2950"
"1"," 20221.3568"
"1"," 14016.9280"
"1"," 18637.7845"
"1","
Barcode14"
"1"," 23897.0286"
"1"," 36899.1967"
"1"," 35985.4136"
"1","  4008.2551"
"1"," 44337.8962"
"1","
Barcode15"
"1","  4070.4195"
"1"," 13919.4219"
"1","   787.8389"
"1"," 19589.8537"
"1"," 21274.2948"
"1","
Barcode16"
"1","  4733.3637"
"1"," 61730.0846"
"1"," 22148.8672"
"1"," 25927.5001"
"1"," 16017.0489"
"1","
Barcode17"
"1"," 15308.2230"
"1","  8525.1529"
"1"," 34838.4525"
"1"," 28956.7765"
"1"," 17416.5764"
"1","
Barcode18"
"1","  2623.9930"
"1"," 63375.7881"
"1"," 19541.5781"
"1","  9323.9448"
"1"," 37320.2076"
"1","
Barcode19"
"1"," 56228.5042"
"1"," 15939.4663"
"1"," 10408.0363"
"1"," 11358.0963"
"1","  6909.6747"
"1","
Barcode20"
"1"," 11265.6649"
"1"," 30636.2143"
"1"," 21419.2160"
"1","  5717.0875"
"1"," 19222.3271"
"1","
Barcode21"
"1"," 10843.6651"
"1"," 23941.3912"
"1"," 30373.2761"
"1","  4799.0650"
"1"," 10982.0484"
"1","
Barcode22"
"1"," 26858.5622"
"1","  7648.3110"
"1"," 16002.7876"
"1"," 46001.6843"
"1"," 33673.3226"
"1","
Barcode23"
"1"," 15843.3931"
"1"," 19302.3745"
"1"," 33854.5470"
"1"," 21018.4985"
"1","  7892.5139"
"1","
Barcode24"
"1"," 31155.7475"
"1"," 10329.7641"
"1"," 26249.8370"
"1"," 16421.2311"
"1","  4955.5230"
"1","
Barcode25"
"1","  2104.5334"
"1","  1808.8348"
"1","  7123.8382"
"1","  4049.4576"
"1"," 49774.2469"
"1","
Barcode26"
"1","  8715.4103"
"1","  8662.1914"
"1","  2384.6850"
"1"," 48551.3524"
"1"," 21280.9542"
"1","
Barcode27"
"1"," 13082.0768"
"1"," 22276.7827"
"1"," 46332.4122"
"1"," 16221.7852"
"1","  8298.6829"
"1","
Barcode28"
"1"," 31930.1472"
"1","  4632.8154"
"1","  6691.2230"
"1"," 13414.9512"
"1"," 32027.4595"
"1","
Barcode29"
"1"," 23445.8601"
"1","  1507.2282"
"1","  8920.8243"
"1"," 31991.0612"
"1"," 18426.4746"
"1","
Barcode30"
"1","  1183.6244"
"1"," 18175.0766"
"1"," 28095.8833"
"1"," 12014.1610"
"1"," 12207.8361"
"1","
Barcode31"
"1","  4152.0659"
"1"," 20133.4026"
"1","  7838.7093"
"1","  7386.1245"
"1","  1564.4279"
"1","
Barcode32"
"1"," 17244.2006"
"1","  9285.2465"
"1"," 37398.6806"
"1"," 30569.6819"
"1","  4954.1122"
"1","
Barcode33"
"1"," 18777.8298"
"1"," 32846.5271"
"1"," 10314.9219"
"1"," 22624.8454"
"1","  3617.0401"
"1","
Barcode34"
"1"," 17816.6038"
"1"," 24589.6608"
"1","  3141.5795"
"1","  4993.7807"
"1"," 13253.6979"
"1","
Barcode35"
"1"," 24783.9602"
"1"," 34115.3230"
"1"," 14592.8516"
"1"," 56471.8651"
"1"," 22699.9996"
"1","
Barcode36"
"1","  5591.1521"
"1"," 11591.5104"
"1","  7842.7811"
"1","  6219.3206"
"1","  9952.7039"
"1","
Barcode37"
"1","  9977.9600"
"1","  6571.7124"
"1"," 11313.0252"
"1"," 16331.7450"
"1"," 46350.0132"
"1","
Barcode38"
"1"," 43360.6202"
"1"," 40093.1038"
"1"," 17885.8650"
"1"," 51238.2315"
"1"," 25257.4798"
"1","
Barcode39"
"1"," 45121.7569"
"1"," 15962.2277"
"1"," 31293.8083"
"1"," 14777.5859"
"1"," 39106.7994"
"1","
Barcode40"
"1"," 33147.5178"
"1"," 29916.1438"
"1"," 18973.7684"
"1"," 25849.0863"
"1"," 25072.8135"
"1","
Barcode41"
"1"," 18706.8215"
"1","  9535.8570"
"1"," 33494.5729"
"1"," 19350.1254"
"1"," 44137.0974"
"1","
Barcode42"
"1","   598.5093"
"1"," 12932.0410"
"1"," 16149.2884"
"1","  3039.4584"
"1"," 17901.2165"
"1","
Barcode43"
"1","  5454.2392"
"1"," 20834.2476"
"1"," 10470.9146"
"1","  6379.3269"
"1"," 16051.4632"
"1","
Barcode44"
"1"," 73368.0191"
"1"," 26190.8084"
"1"," 23458.1387"
"1"," 12447.2403"
"1","   327.7617"
"1","
Barcode45"
"1"," 40049.3147"
"1"," 37585.7887"
"1","   683.1023"
"1","   549.1676"
"1"," 15255.1006"
"1","
Barcode46"
"1"," 25051.8403"
"1","  3479.0396"
"1"," 41336.2846"
"1"," 12540.1626"
"1"," 32806.8891"
"1","
Barcode47"
"1","  4713.5290"
"1"," 10606.2566"
"1","  7134.5627"
"1"," 23404.5820"
"1"," 15761.3312"
"1","
Barcode48"
"1"," 16151.6158"
"1"," 28292.3806"
"1"," 13862.7807"
"1"," 37494.9822"
"1","  5195.8230"
"1","
Barcode49"
"1"," 25978.3588"
"1"," 20818.9635"
"1","  6418.2996"
"1"," 21067.1835"
"1"," 22867.9111"
"1","
Barcode50"
"1","  4547.3871"
"1","   581.9671"
"1"," 37399.6098"
"1"," 31286.2917"
"1"," 27620.3415"
"1","
"
"1","         "
"1","        V12"
"1","
Barcode1 "
"1"," 22620.4727"
"1","
Barcode2 "
"1"," 14128.0440"
"1","
Barcode3 "
"1"," 11847.3271"
"1","
Barcode4 "
"1"," 39843.1204"
"1","
Barcode5 "
"1","   609.5972"
"1","
Barcode6 "
"1","  8009.5361"
"1","
Barcode7 "
"1"," 17236.2058"
"1","
Barcode8 "
"1"," 40200.7322"
"1","
Barcode9 "
"1"," 36916.1678"
"1","
Barcode10"
"1"," 32945.3346"
"1","
Barcode11"
"1","  7366.5914"
"1","
Barcode12"
"1","  9506.9882"
"1","
Barcode13"
"1"," 20513.8053"
"1","
Barcode14"
"1","  2773.1080"
"1","
Barcode15"
"1"," 17885.3507"
"1","
Barcode16"
"1"," 38730.8454"
"1","
Barcode17"
"1"," 29429.9312"
"1","
Barcode18"
"1","  4810.4115"
"1","
Barcode19"
"1"," 10611.6419"
"1","
Barcode20"
"1"," 36228.6250"
"1","
Barcode21"
"1"," 50170.2755"
"1","
Barcode22"
"1"," 36618.9131"
"1","
Barcode23"
"1"," 11406.6265"
"1","
Barcode24"
"1"," 16304.6126"
"1","
Barcode25"
"1"," 12854.6562"
"1","
Barcode26"
"1"," 44815.4027"
"1","
Barcode27"
"1"," 37694.0716"
"1","
Barcode28"
"1"," 38276.0374"
"1","
Barcode29"
"1","  4001.5038"
"1","
Barcode30"
"1"," 33289.1731"
"1","
Barcode31"
"1"," 20087.2623"
"1","
Barcode32"
"1"," 17186.9224"
"1","
Barcode33"
"1"," 12206.1729"
"1","
Barcode34"
"1"," 20260.7034"
"1","
Barcode35"
"1","  5123.2413"
"1","
Barcode36"
"1","  2550.8508"
"1","
Barcode37"
"1"," 29606.3092"
"1","
Barcode38"
"1","  3227.8544"
"1","
Barcode39"
"1","   870.9389"
"1","
Barcode40"
"1"," 41772.8117"
"1","
Barcode41"
"1","  2825.4475"
"1","
Barcode42"
"1","  9028.7439"
"1","
Barcode43"
"1"," 19635.2157"
"1","
Barcode44"
"1","  3701.5425"
"1","
Barcode45"
"1"," 20186.1569"
"1","
Barcode46"
"1"," 10903.6895"
"1","
Barcode47"
"1"," 29447.0914"
"1","
Barcode48"
"1"," 18524.8857"
"1","
Barcode49"
"1"," 30541.5692"
"1","
Barcode50"
"1"," 14667.4813"
"1","
"
"1","
"
"1","$occurrence
"
"1","         "
"1","   V1"
"1","   V2"
"1","   V3"
"1","   V4"
"1","   V5"
"1","   V6"
"1","   V7"
"1","   V8"
"1","   V9"
"1","  V10"
"1","  V11"
"1","  V12"
"1","
Barcode1 "
"1"," TRUE"
"1"," TRUE"
"1"," TRUE"
"1"," TRUE"
"1"," TRUE"
"1"," TRUE"
"1"," TRUE"
"1"," TRUE"
"1"," TRUE"
"1"," TRUE"
"1"," TRUE"
"1"," TRUE"
"1","
Barcode2 "
"1"," TRUE"
"1"," TRUE"
"1"," TRUE"
"1"," TRUE"
"1"," TRUE"
"1"," TRUE"
"1"," TRUE"
"1"," TRUE"
"1"," TRUE"
"1"," TRUE"
"1"," TRUE"
"1"," TRUE"
"1","
Barcode3 "
"1"," TRUE"
"1"," TRUE"
"1"," TRUE"
"1"," TRUE"
"1"," TRUE"
"1"," TRUE"
"1"," TRUE"
"1"," TRUE"
"1"," TRUE"
"1"," TRUE"
"1"," TRUE"
"1"," TRUE"
"1","
Barcode4 "
"1"," TRUE"
"1"," TRUE"
"1"," TRUE"
"1"," TRUE"
"1"," TRUE"
"1"," TRUE"
"1"," TRUE"
"1"," TRUE"
"1"," TRUE"
"1"," TRUE"
"1"," TRUE"
"1"," TRUE"
"1","
Barcode5 "
"1"," TRUE"
"1"," TRUE"
"1"," TRUE"
"1"," TRUE"
"1"," TRUE"
"1"," TRUE"
"1"," TRUE"
"1"," TRUE"
"1"," TRUE"
"1"," TRUE"
"1"," TRUE"
"1"," TRUE"
"1","
Barcode6 "
"1"," TRUE"
"1"," TRUE"
"1"," TRUE"
"1"," TRUE"
"1"," TRUE"
"1"," TRUE"
"1"," TRUE"
"1"," TRUE"
"1"," TRUE"
"1"," TRUE"
"1"," TRUE"
"1"," TRUE"
"1","
Barcode7 "
"1"," TRUE"
"1"," TRUE"
"1"," TRUE"
"1"," TRUE"
"1"," TRUE"
"1"," TRUE"
"1"," TRUE"
"1"," TRUE"
"1"," TRUE"
"1"," TRUE"
"1"," TRUE"
"1"," TRUE"
"1","
Barcode8 "
"1"," TRUE"
"1"," TRUE"
"1"," TRUE"
"1"," TRUE"
"1"," TRUE"
"1"," TRUE"
"1"," TRUE"
"1"," TRUE"
"1"," TRUE"
"1"," TRUE"
"1"," TRUE"
"1"," TRUE"
"1","
Barcode9 "
"1"," TRUE"
"1"," TRUE"
"1"," TRUE"
"1"," TRUE"
"1"," TRUE"
"1"," TRUE"
"1"," TRUE"
"1"," TRUE"
"1"," TRUE"
"1"," TRUE"
"1"," TRUE"
"1"," TRUE"
"1","
Barcode10"
"1"," TRUE"
"1"," TRUE"
"1"," TRUE"
"1"," TRUE"
"1"," TRUE"
"1"," TRUE"
"1"," TRUE"
"1"," TRUE"
"1"," TRUE"
"1"," TRUE"
"1"," TRUE"
"1"," TRUE"
"1","
Barcode11"
"1"," TRUE"
"1"," TRUE"
"1"," TRUE"
"1"," TRUE"
"1"," TRUE"
"1"," TRUE"
"1"," TRUE"
"1"," TRUE"
"1"," TRUE"
"1"," TRUE"
"1"," TRUE"
"1"," TRUE"
"1","
Barcode12"
"1"," TRUE"
"1"," TRUE"
"1"," TRUE"
"1"," TRUE"
"1"," TRUE"
"1"," TRUE"
"1"," TRUE"
"1"," TRUE"
"1"," TRUE"
"1"," TRUE"
"1"," TRUE"
"1"," TRUE"
"1","
Barcode13"
"1"," TRUE"
"1"," TRUE"
"1"," TRUE"
"1"," TRUE"
"1"," TRUE"
"1"," TRUE"
"1"," TRUE"
"1"," TRUE"
"1"," TRUE"
"1"," TRUE"
"1"," TRUE"
"1"," TRUE"
"1","
Barcode14"
"1"," TRUE"
"1"," TRUE"
"1"," TRUE"
"1"," TRUE"
"1"," TRUE"
"1"," TRUE"
"1"," TRUE"
"1"," TRUE"
"1"," TRUE"
"1"," TRUE"
"1"," TRUE"
"1"," TRUE"
"1","
Barcode15"
"1"," TRUE"
"1"," TRUE"
"1"," TRUE"
"1"," TRUE"
"1"," TRUE"
"1"," TRUE"
"1"," TRUE"
"1"," TRUE"
"1"," TRUE"
"1"," TRUE"
"1"," TRUE"
"1"," TRUE"
"1","
Barcode16"
"1"," TRUE"
"1"," TRUE"
"1"," TRUE"
"1"," TRUE"
"1"," TRUE"
"1"," TRUE"
"1"," TRUE"
"1"," TRUE"
"1"," TRUE"
"1"," TRUE"
"1"," TRUE"
"1"," TRUE"
"1","
Barcode17"
"1"," TRUE"
"1"," TRUE"
"1"," TRUE"
"1"," TRUE"
"1"," TRUE"
"1"," TRUE"
"1"," TRUE"
"1"," TRUE"
"1"," TRUE"
"1"," TRUE"
"1"," TRUE"
"1"," TRUE"
"1","
Barcode18"
"1"," TRUE"
"1"," TRUE"
"1"," TRUE"
"1"," TRUE"
"1"," TRUE"
"1"," TRUE"
"1"," TRUE"
"1"," TRUE"
"1"," TRUE"
"1"," TRUE"
"1"," TRUE"
"1"," TRUE"
"1","
Barcode19"
"1"," TRUE"
"1"," TRUE"
"1"," TRUE"
"1"," TRUE"
"1"," TRUE"
"1"," TRUE"
"1"," TRUE"
"1"," TRUE"
"1"," TRUE"
"1"," TRUE"
"1"," TRUE"
"1"," TRUE"
"1","
Barcode20"
"1"," TRUE"
"1"," TRUE"
"1"," TRUE"
"1"," TRUE"
"1"," TRUE"
"1"," TRUE"
"1"," TRUE"
"1"," TRUE"
"1"," TRUE"
"1"," TRUE"
"1"," TRUE"
"1"," TRUE"
"1","
Barcode21"
"1"," TRUE"
"1"," TRUE"
"1"," TRUE"
"1"," TRUE"
"1"," TRUE"
"1"," TRUE"
"1"," TRUE"
"1"," TRUE"
"1"," TRUE"
"1"," TRUE"
"1"," TRUE"
"1"," TRUE"
"1","
Barcode22"
"1"," TRUE"
"1"," TRUE"
"1"," TRUE"
"1"," TRUE"
"1"," TRUE"
"1"," TRUE"
"1"," TRUE"
"1"," TRUE"
"1"," TRUE"
"1"," TRUE"
"1"," TRUE"
"1"," TRUE"
"1","
Barcode23"
"1"," TRUE"
"1"," TRUE"
"1"," TRUE"
"1"," TRUE"
"1"," TRUE"
"1"," TRUE"
"1"," TRUE"
"1"," TRUE"
"1"," TRUE"
"1"," TRUE"
"1"," TRUE"
"1"," TRUE"
"1","
Barcode24"
"1"," TRUE"
"1"," TRUE"
"1"," TRUE"
"1"," TRUE"
"1"," TRUE"
"1"," TRUE"
"1"," TRUE"
"1"," TRUE"
"1"," TRUE"
"1"," TRUE"
"1"," TRUE"
"1"," TRUE"
"1","
Barcode25"
"1"," TRUE"
"1"," TRUE"
"1"," TRUE"
"1"," TRUE"
"1"," TRUE"
"1"," TRUE"
"1"," TRUE"
"1"," TRUE"
"1"," TRUE"
"1"," TRUE"
"1"," TRUE"
"1"," TRUE"
"1","
Barcode26"
"1"," TRUE"
"1"," TRUE"
"1"," TRUE"
"1"," TRUE"
"1"," TRUE"
"1"," TRUE"
"1"," TRUE"
"1"," TRUE"
"1"," TRUE"
"1"," TRUE"
"1"," TRUE"
"1"," TRUE"
"1","
Barcode27"
"1"," TRUE"
"1"," TRUE"
"1"," TRUE"
"1"," TRUE"
"1"," TRUE"
"1"," TRUE"
"1"," TRUE"
"1"," TRUE"
"1"," TRUE"
"1"," TRUE"
"1"," TRUE"
"1"," TRUE"
"1","
Barcode28"
"1"," TRUE"
"1"," TRUE"
"1"," TRUE"
"1"," TRUE"
"1"," TRUE"
"1"," TRUE"
"1"," TRUE"
"1"," TRUE"
"1"," TRUE"
"1"," TRUE"
"1"," TRUE"
"1"," TRUE"
"1","
Barcode29"
"1"," TRUE"
"1"," TRUE"
"1"," TRUE"
"1"," TRUE"
"1"," TRUE"
"1"," TRUE"
"1"," TRUE"
"1"," TRUE"
"1"," TRUE"
"1"," TRUE"
"1"," TRUE"
"1"," TRUE"
"1","
Barcode30"
"1"," TRUE"
"1"," TRUE"
"1"," TRUE"
"1"," TRUE"
"1"," TRUE"
"1"," TRUE"
"1"," TRUE"
"1"," TRUE"
"1"," TRUE"
"1"," TRUE"
"1"," TRUE"
"1"," TRUE"
"1","
Barcode31"
"1"," TRUE"
"1"," TRUE"
"1"," TRUE"
"1"," TRUE"
"1"," TRUE"
"1"," TRUE"
"1"," TRUE"
"1"," TRUE"
"1"," TRUE"
"1"," TRUE"
"1"," TRUE"
"1"," TRUE"
"1","
Barcode32"
"1"," TRUE"
"1"," TRUE"
"1"," TRUE"
"1"," TRUE"
"1"," TRUE"
"1"," TRUE"
"1"," TRUE"
"1"," TRUE"
"1"," TRUE"
"1"," TRUE"
"1"," TRUE"
"1"," TRUE"
"1","
Barcode33"
"1"," TRUE"
"1"," TRUE"
"1"," TRUE"
"1"," TRUE"
"1"," TRUE"
"1"," TRUE"
"1"," TRUE"
"1"," TRUE"
"1"," TRUE"
"1"," TRUE"
"1"," TRUE"
"1"," TRUE"
"1","
Barcode34"
"1"," TRUE"
"1"," TRUE"
"1"," TRUE"
"1"," TRUE"
"1"," TRUE"
"1"," TRUE"
"1"," TRUE"
"1"," TRUE"
"1"," TRUE"
"1"," TRUE"
"1"," TRUE"
"1"," TRUE"
"1","
Barcode35"
"1"," TRUE"
"1"," TRUE"
"1"," TRUE"
"1"," TRUE"
"1"," TRUE"
"1"," TRUE"
"1"," TRUE"
"1"," TRUE"
"1"," TRUE"
"1"," TRUE"
"1"," TRUE"
"1"," TRUE"
"1","
Barcode36"
"1"," TRUE"
"1"," TRUE"
"1"," TRUE"
"1"," TRUE"
"1"," TRUE"
"1"," TRUE"
"1"," TRUE"
"1"," TRUE"
"1"," TRUE"
"1"," TRUE"
"1"," TRUE"
"1"," TRUE"
"1","
Barcode37"
"1"," TRUE"
"1"," TRUE"
"1"," TRUE"
"1"," TRUE"
"1"," TRUE"
"1"," TRUE"
"1"," TRUE"
"1"," TRUE"
"1"," TRUE"
"1"," TRUE"
"1"," TRUE"
"1"," TRUE"
"1","
Barcode38"
"1"," TRUE"
"1"," TRUE"
"1"," TRUE"
"1"," TRUE"
"1"," TRUE"
"1"," TRUE"
"1"," TRUE"
"1"," TRUE"
"1"," TRUE"
"1"," TRUE"
"1"," TRUE"
"1"," TRUE"
"1","
Barcode39"
"1"," TRUE"
"1"," TRUE"
"1"," TRUE"
"1"," TRUE"
"1"," TRUE"
"1"," TRUE"
"1"," TRUE"
"1"," TRUE"
"1"," TRUE"
"1"," TRUE"
"1"," TRUE"
"1"," TRUE"
"1","
Barcode40"
"1"," TRUE"
"1"," TRUE"
"1"," TRUE"
"1"," TRUE"
"1"," TRUE"
"1"," TRUE"
"1"," TRUE"
"1"," TRUE"
"1"," TRUE"
"1"," TRUE"
"1"," TRUE"
"1"," TRUE"
"1","
Barcode41"
"1"," TRUE"
"1"," TRUE"
"1"," TRUE"
"1"," TRUE"
"1"," TRUE"
"1"," TRUE"
"1"," TRUE"
"1"," TRUE"
"1"," TRUE"
"1"," TRUE"
"1"," TRUE"
"1"," TRUE"
"1","
Barcode42"
"1"," TRUE"
"1"," TRUE"
"1"," TRUE"
"1"," TRUE"
"1"," TRUE"
"1"," TRUE"
"1"," TRUE"
"1"," TRUE"
"1"," TRUE"
"1"," TRUE"
"1"," TRUE"
"1"," TRUE"
"1","
Barcode43"
"1"," TRUE"
"1"," TRUE"
"1"," TRUE"
"1"," TRUE"
"1"," TRUE"
"1"," TRUE"
"1"," TRUE"
"1"," TRUE"
"1"," TRUE"
"1"," TRUE"
"1"," TRUE"
"1"," TRUE"
"1","
Barcode44"
"1"," TRUE"
"1"," TRUE"
"1"," TRUE"
"1"," TRUE"
"1"," TRUE"
"1"," TRUE"
"1"," TRUE"
"1"," TRUE"
"1"," TRUE"
"1"," TRUE"
"1"," TRUE"
"1"," TRUE"
"1","
Barcode45"
"1"," TRUE"
"1"," TRUE"
"1"," TRUE"
"1"," TRUE"
"1"," TRUE"
"1"," TRUE"
"1"," TRUE"
"1"," TRUE"
"1"," TRUE"
"1"," TRUE"
"1"," TRUE"
"1"," TRUE"
"1","
Barcode46"
"1"," TRUE"
"1"," TRUE"
"1"," TRUE"
"1"," TRUE"
"1"," TRUE"
"1"," TRUE"
"1"," TRUE"
"1"," TRUE"
"1"," TRUE"
"1"," TRUE"
"1"," TRUE"
"1"," TRUE"
"1","
Barcode47"
"1"," TRUE"
"1"," TRUE"
"1"," TRUE"
"1"," TRUE"
"1"," TRUE"
"1"," TRUE"
"1"," TRUE"
"1"," TRUE"
"1"," TRUE"
"1"," TRUE"
"1"," TRUE"
"1"," TRUE"
"1","
Barcode48"
"1"," TRUE"
"1"," TRUE"
"1"," TRUE"
"1"," TRUE"
"1"," TRUE"
"1"," TRUE"
"1"," TRUE"
"1"," TRUE"
"1"," TRUE"
"1"," TRUE"
"1"," TRUE"
"1"," TRUE"
"1","
Barcode49"
"1"," TRUE"
"1"," TRUE"
"1"," TRUE"
"1"," TRUE"
"1"," TRUE"
"1"," TRUE"
"1"," TRUE"
"1"," TRUE"
"1"," TRUE"
"1"," TRUE"
"1"," TRUE"
"1"," TRUE"
"1","
Barcode50"
"1"," TRUE"
"1"," TRUE"
"1"," TRUE"
"1"," TRUE"
"1"," TRUE"
"1"," TRUE"
"1"," TRUE"
"1"," TRUE"
"1"," TRUE"
"1"," TRUE"
"1"," TRUE"
"1"," TRUE"
"1","
"
"1","
"
"1","$rank
"
"1","         "
"1"," V1"
"1"," V2"
"1"," V3"
"1"," V4"
"1"," V5"
"1"," V6"
"1"," V7"
"1"," V8"
"1"," V9"
"1"," V10"
"1"," V11"
"1"," V12"
"1","
Barcode1 "
"1"," 25"
"1"," 30"
"1"," 48"
"1"," 40"
"1"," 16"
"1"," 34"
"1","  7"
"1"," 42"
"1"," 48"
"1","   8"
"1","  23"
"1","  18"
"1","
Barcode2 "
"1"," 23"
"1"," 33"
"1"," 40"
"1"," 20"
"1"," 47"
"1"," 31"
"1"," 13"
"1"," 47"
"1"," 37"
"1","  20"
"1","  35"
"1","  30"
"1","
Barcode3 "
"1"," 50"
"1","  9"
"1"," 16"
"1"," 25"
"1","  3"
"1","  9"
"1"," 32"
"1","  4"
"1"," 22"
"1","   2"
"1","  42"
"1","  33"
"1","
Barcode4 "
"1","  5"
"1"," 16"
"1"," 31"
"1"," 21"
"1"," 48"
"1"," 27"
"1"," 50"
"1"," 32"
"1","  4"
"1","  12"
"1","  19"
"1","   5"
"1","
Barcode5 "
"1"," 39"
"1"," 21"
"1","  1"
"1"," 42"
"1"," 40"
"1"," 13"
"1"," 20"
"1"," 34"
"1"," 11"
"1","  14"
"1","  44"
"1","  50"
"1","
Barcode6 "
"1","  3"
"1"," 19"
"1"," 13"
"1"," 29"
"1"," 17"
"1","  5"
"1","  9"
"1"," 26"
"1"," 17"
"1","  25"
"1","  18"
"1","  39"
"1","
Barcode7 "
"1"," 22"
"1"," 37"
"1"," 23"
"1","  5"
"1"," 36"
"1","  8"
"1"," 48"
"1"," 20"
"1"," 12"
"1","   7"
"1","  33"
"1","  26"
"1","
Barcode8 "
"1","  1"
"1"," 11"
"1"," 28"
"1"," 36"
"1","  8"
"1"," 48"
"1"," 43"
"1"," 15"
"1"," 38"
"1","  22"
"1","   8"
"1","   4"
"1","
Barcode9 "
"1"," 15"
"1"," 36"
"1"," 11"
"1"," 11"
"1"," 11"
"1"," 49"
"1"," 44"
"1"," 16"
"1","  1"
"1","  39"
"1","  15"
"1","   9"
"1","
Barcode10"
"1"," 47"
"1"," 44"
"1"," 37"
"1"," 34"
"1"," 13"
"1"," 20"
"1","  6"
"1"," 46"
"1"," 45"
"1","  43"
"1","   5"
"1","  13"
"1","
Barcode11"
"1"," 17"
"1"," 31"
"1","  7"
"1"," 41"
"1"," 29"
"1","  7"
"1"," 21"
"1"," 40"
"1"," 31"
"1","  37"
"1","  39"
"1","  40"
"1","
Barcode12"
"1"," 24"
"1","  4"
"1"," 17"
"1"," 19"
"1"," 30"
"1","  2"
"1","  3"
"1","  3"
"1"," 18"
"1","  48"
"1","  26"
"1","  37"
"1","
Barcode13"
"1"," 35"
"1"," 14"
"1"," 44"
"1"," 10"
"1"," 44"
"1"," 36"
"1"," 27"
"1"," 12"
"1"," 23"
"1","  30"
"1","  24"
"1","  19"
"1","
Barcode14"
"1"," 16"
"1"," 35"
"1"," 43"
"1"," 24"
"1","  9"
"1"," 46"
"1"," 18"
"1","  7"
"1","  7"
"1","  47"
"1","   3"
"1","  47"
"1","
Barcode15"
"1","  2"
"1"," 39"
"1"," 42"
"1"," 33"
"1"," 26"
"1"," 21"
"1"," 42"
"1"," 29"
"1"," 49"
"1","  23"
"1","  21"
"1","  25"
"1","
Barcode16"
"1"," 37"
"1"," 42"
"1"," 35"
"1"," 30"
"1","  1"
"1"," 10"
"1"," 38"
"1","  2"
"1"," 20"
"1","  15"
"1","  30"
"1","   6"
"1","
Barcode17"
"1"," 38"
"1"," 41"
"1"," 18"
"1","  8"
"1","  4"
"1"," 26"
"1"," 29"
"1"," 39"
"1","  8"
"1","  13"
"1","  28"
"1","  17"
"1","
Barcode18"
"1"," 41"
"1"," 49"
"1"," 26"
"1"," 39"
"1"," 25"
"1"," 23"
"1"," 45"
"1","  1"
"1"," 24"
"1","  36"
"1","   7"
"1","  42"
"1","
Barcode19"
"1"," 36"
"1"," 20"
"1"," 21"
"1"," 17"
"1"," 43"
"1"," 30"
"1","  2"
"1"," 28"
"1"," 34"
"1","  35"
"1","  43"
"1","  36"
"1","
Barcode20"
"1"," 33"
"1"," 43"
"1"," 22"
"1"," 26"
"1","  6"
"1"," 41"
"1"," 31"
"1"," 10"
"1"," 21"
"1","  42"
"1","  22"
"1","  11"
"1","
Barcode21"
"1"," 49"
"1"," 12"
"1"," 30"
"1"," 27"
"1"," 35"
"1"," 44"
"1"," 33"
"1"," 18"
"1"," 14"
"1","  45"
"1","  37"
"1","   1"
"1","
Barcode22"
"1","  7"
"1","  3"
"1"," 27"
"1","  7"
"1"," 27"
"1"," 45"
"1"," 14"
"1"," 41"
"1"," 28"
"1","   5"
"1","   9"
"1","  10"
"1","
Barcode23"
"1"," 20"
"1"," 32"
"1","  6"
"1"," 23"
"1"," 18"
"1"," 43"
"1"," 28"
"1"," 24"
"1","  9"
"1","  21"
"1","  41"
"1","  34"
"1","
Barcode24"
"1"," 34"
"1"," 17"
"1","  9"
"1"," 38"
"1"," 34"
"1"," 37"
"1"," 12"
"1"," 35"
"1"," 16"
"1","  26"
"1","  46"
"1","  28"
"1","
Barcode25"
"1","  9"
"1"," 10"
"1"," 32"
"1","  2"
"1"," 49"
"1"," 14"
"1"," 46"
"1"," 48"
"1"," 42"
"1","  46"
"1","   1"
"1","  31"
"1","
Barcode26"
"1"," 19"
"1"," 27"
"1"," 33"
"1"," 49"
"1"," 19"
"1"," 16"
"1"," 35"
"1"," 38"
"1"," 47"
"1","   4"
"1","  20"
"1","   2"
"1","
Barcode27"
"1"," 48"
"1"," 18"
"1"," 10"
"1"," 37"
"1"," 42"
"1"," 50"
"1"," 30"
"1"," 19"
"1","  2"
"1","  28"
"1","  40"
"1","   8"
"1","
Barcode28"
"1"," 46"
"1"," 13"
"1","  4"
"1","  9"
"1"," 32"
"1"," 47"
"1"," 11"
"1"," 44"
"1"," 43"
"1","  31"
"1","  11"
"1","   7"
"1","
Barcode29"
"1"," 42"
"1"," 45"
"1"," 38"
"1"," 18"
"1"," 23"
"1"," 33"
"1"," 19"
"1"," 49"
"1"," 36"
"1","   9"
"1","  25"
"1","  43"
"1","
Barcode30"
"1"," 44"
"1"," 25"
"1"," 29"
"1"," 50"
"1"," 50"
"1"," 39"
"1"," 47"
"1"," 25"
"1"," 15"
"1","  34"
"1","  36"
"1","  12"
"1","
Barcode31"
"1"," 31"
"1"," 40"
"1"," 24"
"1","  3"
"1"," 45"
"1"," 18"
"1"," 41"
"1"," 23"
"1"," 40"
"1","  38"
"1","  49"
"1","  22"
"1","
Barcode32"
"1"," 45"
"1"," 23"
"1"," 49"
"1"," 48"
"1"," 31"
"1"," 24"
"1"," 25"
"1"," 37"
"1","  6"
"1","  11"
"1","  47"
"1","  27"
"1","
Barcode33"
"1"," 18"
"1"," 26"
"1"," 47"
"1"," 46"
"1"," 37"
"1","  1"
"1"," 22"
"1","  9"
"1"," 35"
"1","  18"
"1","  48"
"1","  32"
"1","
Barcode34"
"1"," 26"
"1"," 38"
"1","  3"
"1"," 31"
"1"," 14"
"1","  6"
"1"," 24"
"1"," 17"
"1"," 46"
"1","  44"
"1","  34"
"1","  20"
"1","
Barcode35"
"1"," 13"
"1"," 22"
"1"," 15"
"1"," 28"
"1"," 28"
"1"," 42"
"1"," 17"
"1","  8"
"1"," 29"
"1","   1"
"1","  17"
"1","  41"
"1","
Barcode36"
"1"," 12"
"1"," 47"
"1","  8"
"1"," 14"
"1"," 39"
"1"," 29"
"1"," 36"
"1"," 31"
"1"," 39"
"1","  41"
"1","  38"
"1","  48"
"1","
Barcode37"
"1"," 28"
"1","  6"
"1"," 25"
"1"," 12"
"1"," 41"
"1"," 35"
"1"," 34"
"1"," 43"
"1"," 32"
"1","  27"
"1","   2"
"1","  15"
"1","
Barcode38"
"1","  6"
"1","  1"
"1"," 46"
"1"," 45"
"1"," 15"
"1"," 38"
"1","  5"
"1","  5"
"1"," 26"
"1","   3"
"1","  13"
"1","  45"
"1","
Barcode39"
"1"," 40"
"1"," 50"
"1"," 14"
"1"," 44"
"1"," 20"
"1"," 32"
"1","  4"
"1"," 27"
"1"," 13"
"1","  29"
"1","   6"
"1","  49"
"1","
Barcode40"
"1"," 43"
"1","  2"
"1"," 41"
"1"," 47"
"1"," 46"
"1"," 28"
"1"," 10"
"1"," 11"
"1"," 25"
"1","  16"
"1","  14"
"1","   3"
"1","
Barcode41"
"1","  4"
"1"," 24"
"1"," 50"
"1"," 15"
"1","  2"
"1"," 17"
"1"," 23"
"1"," 36"
"1"," 10"
"1","  24"
"1","   4"
"1","  46"
"1","
Barcode42"
"1"," 29"
"1"," 15"
"1"," 20"
"1","  6"
"1"," 21"
"1","  4"
"1"," 49"
"1"," 30"
"1"," 27"
"1","  49"
"1","  27"
"1","  38"
"1","
Barcode43"
"1"," 21"
"1"," 34"
"1"," 34"
"1","  4"
"1"," 12"
"1"," 40"
"1"," 37"
"1"," 21"
"1"," 33"
"1","  40"
"1","  29"
"1","  23"
"1","
Barcode44"
"1"," 30"
"1","  7"
"1","  2"
"1"," 13"
"1"," 38"
"1"," 25"
"1","  1"
"1"," 14"
"1"," 19"
"1","  33"
"1","  50"
"1","  44"
"1","
Barcode45"
"1"," 14"
"1"," 28"
"1"," 19"
"1"," 32"
"1","  5"
"1"," 19"
"1","  8"
"1","  6"
"1"," 50"
"1","  50"
"1","  32"
"1","  21"
"1","
Barcode46"
"1"," 10"
"1"," 48"
"1"," 39"
"1"," 35"
"1"," 10"
"1"," 15"
"1"," 16"
"1"," 45"
"1","  3"
"1","  32"
"1","  10"
"1","  35"
"1","
Barcode47"
"1"," 11"
"1","  8"
"1","  5"
"1"," 43"
"1","  7"
"1","  3"
"1"," 39"
"1"," 33"
"1"," 41"
"1","  17"
"1","  31"
"1","  16"
"1","
Barcode48"
"1"," 27"
"1"," 46"
"1"," 36"
"1"," 16"
"1"," 33"
"1"," 22"
"1"," 26"
"1"," 13"
"1"," 30"
"1","   6"
"1","  45"
"1","  24"
"1","
Barcode49"
"1","  8"
"1"," 29"
"1"," 12"
"1","  1"
"1"," 24"
"1"," 11"
"1"," 15"
"1"," 22"
"1"," 44"
"1","  19"
"1","  16"
"1","  14"
"1","
Barcode50"
"1"," 32"
"1","  5"
"1"," 45"
"1"," 22"
"1"," 22"
"1"," 12"
"1"," 40"
"1"," 50"
"1","  5"
"1","  10"
"1","  12"
"1","  29"
"1","
"
"1","
"
"1","$isTop
"
"1","list()
"
"1","
"
"1","$clusters
"
"1","factor"
"1",""
"1","()
"
"1",""
"1","Levels: "
"1",""
"1",""
"1",""
"1","
"
"1","
"
"1","$factorColors
"
"1","$factorColors$Treat
"
"1","     ctrl "
"1","     drug "
"1","
"
"1","""#999999"" "
"1","""#112233"" "
"1","
"
"1","
"
"1","$factorColors$Time
"
"1","        1 "
"1","        2 "
"1","
"
"1","""#778899"" "
"1","""#998877"" "
"1","
"
"1","
"
"1","
"
